queue,kind,channel,chip,enqueued,dequeued,current,avg_qlen,max_qlen,std_qlen,avg_wait_us,max_wait_us
User_Read_TR_Queue@3@3@HIGH,User_Read_TR_Queue,3,3,44435,44435,0,0.0,8,0.0,42,691
User_Read_TR_Queue@3@2@HIGH,User_Read_TR_Queue,3,2,44510,44510,0,0.0,7,0.0,42,648
User_Read_TR_Queue@2@3@HIGH,User_Read_TR_Queue,2,3,44589,44589,0,0.0,7,0.0,42,574
User_Read_TR_Queue@1@0@HIGH,User_Read_TR_Queue,1,0,44208,44208,0,0.0,7,0.0,41,573
User_Read_TR_Queue@7@1@HIGH,User_Read_TR_Queue,7,1,44340,44340,0,0.0,7,0.0,41,568
User_Read_TR_Queue@0@2@HIGH,User_Read_TR_Queue,0,2,44290,44290,0,0.0,6,0.0,42,565
User_Read_TR_Queue@7@0@HIGH,User_Read_TR_Queue,7,0,44197,44197,0,0.0,6,0.0,41,552
User_Read_TR_Queue@0@0@HIGH,User_Read_TR_Queue,0,0,44338,44338,0,0.0,6,0.0,41,550
User_Read_TR_Queue@2@1@HIGH,User_Read_TR_Queue,2,1,44248,44248,0,0.0,6,0.0,41,541
User_Read_TR_Queue@5@2@HIGH,User_Read_TR_Queue,5,2,44032,44032,0,0.0,6,0.0,41,536
User_Read_TR_Queue@5@0@HIGH,User_Read_TR_Queue,5,0,44341,44341,0,0.0,6,0.0,41,534
User_Read_TR_Queue@5@3@HIGH,User_Read_TR_Queue,5,3,44810,44810,0,0.0,6,0.0,41,530
User_Read_TR_Queue@6@3@HIGH,User_Read_TR_Queue,6,3,44021,44021,0,0.0,7,0.0,40,530
User_Read_TR_Queue@4@1@HIGH,User_Read_TR_Queue,4,1,44732,44732,0,0.0,6,0.0,42,525
User_Read_TR_Queue@4@2@HIGH,User_Read_TR_Queue,4,2,44185,44185,0,0.0,6,0.0,41,525
User_Read_TR_Queue@0@3@HIGH,User_Read_TR_Queue,0,3,44388,44388,0,0.0,6,0.0,41,524
User_Read_TR_Queue@1@3@HIGH,User_Read_TR_Queue,1,3,44226,44226,0,0.0,6,0.0,41,521
User_Read_TR_Queue@3@0@HIGH,User_Read_TR_Queue,3,0,44297,44297,0,0.0,6,0.0,41,520
User_Read_TR_Queue@2@2@HIGH,User_Read_TR_Queue,2,2,44204,44204,0,0.0,6,0.0,41,520
User_Read_TR_Queue@4@0@HIGH,User_Read_TR_Queue,4,0,44467,44467,0,0.0,6,0.0,41,516
User_Read_TR_Queue@7@2@HIGH,User_Read_TR_Queue,7,2,44414,44414,0,0.0,6,0.0,41,512
User_Read_TR_Queue@6@0@HIGH,User_Read_TR_Queue,6,0,44009,44009,0,0.0,6,0.0,41,497
User_Read_TR_Queue@0@1@HIGH,User_Read_TR_Queue,0,1,45209,45209,0,0.0,6,0.0,42,492
User_Read_TR_Queue@5@1@HIGH,User_Read_TR_Queue,5,1,44142,44142,0,0.0,6,0.0,41,481
User_Read_TR_Queue@4@3@HIGH,User_Read_TR_Queue,4,3,44461,44461,0,0.0,6,0.0,41,481
User_Read_TR_Queue@7@3@HIGH,User_Read_TR_Queue,7,3,44344,44344,0,0.0,6,0.0,41,480
User_Read_TR_Queue@1@1@HIGH,User_Read_TR_Queue,1,1,44242,44242,0,0.0,6,0.0,40,477
User_Read_TR_Queue@3@1@HIGH,User_Read_TR_Queue,3,1,43781,43781,0,0.0,5,0.0,40,466
User_Read_TR_Queue@2@0@HIGH,User_Read_TR_Queue,2,0,44505,44505,0,0.0,6,0.0,41,464
User_Read_TR_Queue@1@2@HIGH,User_Read_TR_Queue,1,2,44809,44809,0,0.0,5,0.0,41,460
User_Read_TR_Queue@6@1@HIGH,User_Read_TR_Queue,6,1,44524,44524,0,0.0,5,0.0,41,453
User_Read_TR_Queue@6@2@HIGH,User_Read_TR_Queue,6,2,43964,43964,0,0.0,6,0.0,41,452
Mapping_Read_TR_Queue@5@3,Mapping_Read_TR_Queue,5,3,7232,7232,0,0.0,5,0.0,28,429
Mapping_Read_TR_Queue@6@1,Mapping_Read_TR_Queue,6,1,7292,7292,0,0.0,5,0.0,27,385
Mapping_Read_TR_Queue@6@3,Mapping_Read_TR_Queue,6,3,7242,7242,0,0.0,5,0.0,27,365
Mapping_Read_TR_Queue@5@0,Mapping_Read_TR_Queue,5,0,7110,7110,0,0.0,5,0.0,27,361
Mapping_Read_TR_Queue@1@3,Mapping_Read_TR_Queue,1,3,7164,7164,0,0.0,5,0.0,27,360
Mapping_Read_TR_Queue@3@0,Mapping_Read_TR_Queue,3,0,7237,7237,0,0.0,5,0.0,27,359
Mapping_Read_TR_Queue@0@2,Mapping_Read_TR_Queue,0,2,7283,7283,0,0.0,5,0.0,27,351
Mapping_Read_TR_Queue@0@0,Mapping_Read_TR_Queue,0,0,7361,7361,0,0.0,5,0.0,28,350
Mapping_Read_TR_Queue@3@2,Mapping_Read_TR_Queue,3,2,7088,7088,0,0.0,5,0.0,26,344
Mapping_Read_TR_Queue@4@2,Mapping_Read_TR_Queue,4,2,7239,7239,0,0.0,5,0.0,27,338
Mapping_Read_TR_Queue@6@2,Mapping_Read_TR_Queue,6,2,7338,7338,0,0.0,4,0.0,27,338
Mapping_Read_TR_Queue@1@0,Mapping_Read_TR_Queue,1,0,7300,7300,0,0.0,4,0.0,27,337
Mapping_Read_TR_Queue@2@2,Mapping_Read_TR_Queue,2,2,7185,7185,0,0.0,4,0.0,28,336
Mapping_Read_TR_Queue@7@0,Mapping_Read_TR_Queue,7,0,7215,7215,0,0.0,5,0.0,28,335
Mapping_Read_TR_Queue@1@1,Mapping_Read_TR_Queue,1,1,7284,7284,0,0.0,4,0.0,27,332
Mapping_Read_TR_Queue@4@0,Mapping_Read_TR_Queue,4,0,7140,7140,0,0.0,4,0.0,27,326
Mapping_Read_TR_Queue@7@2,Mapping_Read_TR_Queue,7,2,7255,7255,0,0.0,4,0.0,26,319
Mapping_Read_TR_Queue@2@1,Mapping_Read_TR_Queue,2,1,7229,7229,0,0.0,4,0.0,26,317
Mapping_Read_TR_Queue@5@1,Mapping_Read_TR_Queue,5,1,7158,7158,0,0.0,4,0.0,27,316
Mapping_Read_TR_Queue@5@2,Mapping_Read_TR_Queue,5,2,7240,7240,0,0.0,4,0.0,27,314
Mapping_Read_TR_Queue@1@2,Mapping_Read_TR_Queue,1,2,7073,7073,0,0.0,4,0.0,26,312
Mapping_Read_TR_Queue@6@0,Mapping_Read_TR_Queue,6,0,7205,7205,0,0.0,4,0.0,27,309
Mapping_Read_TR_Queue@3@1,Mapping_Read_TR_Queue,3,1,7212,7212,0,0.0,5,0.0,26,309
Mapping_Read_TR_Queue@7@1,Mapping_Read_TR_Queue,7,1,7234,7234,0,0.0,5,0.0,27,306
Mapping_Read_TR_Queue@4@1,Mapping_Read_TR_Queue,4,1,7244,7244,0,0.0,4,0.0,27,304
Mapping_Read_TR_Queue@4@3,Mapping_Read_TR_Queue,4,3,7159,7159,0,0.0,5,0.0,26,304
Mapping_Read_TR_Queue@2@3,Mapping_Read_TR_Queue,2,3,7323,7323,0,0.0,5,0.0,28,302
Mapping_Read_TR_Queue@0@1,Mapping_Read_TR_Queue,0,1,7182,7182,0,0.0,4,0.0,27,297
Mapping_Read_TR_Queue@7@3,Mapping_Read_TR_Queue,7,3,7186,7186,0,0.0,4,0.0,26,296
Mapping_Read_TR_Queue@3@3,Mapping_Read_TR_Queue,3,3,7279,7279,0,0.0,5,0.0,27,293
Mapping_Read_TR_Queue@2@0,Mapping_Read_TR_Queue,2,0,7329,7329,0,0.0,4,0.0,27,291
Mapping_Read_TR_Queue@0@3,Mapping_Read_TR_Queue,0,3,7184,7184,0,0.0,4,0.0,26,267
Mapping_Write_TR_Queue@7@2,Mapping_Write_TR_Queue,7,2,99,0,99,0.0,99,0.01,0,0
Mapping_Write_TR_Queue@6@0,Mapping_Write_TR_Queue,6,0,99,0,99,0.0,99,0.01,0,0
Mapping_Write_TR_Queue@5@0,Mapping_Write_TR_Queue,5,0,99,0,99,0.0,99,0.01,0,0
Mapping_Write_TR_Queue@2@0,Mapping_Write_TR_Queue,2,0,98,0,98,0.0,98,0.01,0,0
Mapping_Write_TR_Queue@7@3,Mapping_Write_TR_Queue,7,3,98,0,98,0.0,98,0.01,0,0
Mapping_Write_TR_Queue@2@3,Mapping_Write_TR_Queue,2,3,98,0,98,0.0,98,0.01,0,0
Mapping_Write_TR_Queue@4@1,Mapping_Write_TR_Queue,4,1,98,0,98,0.0,98,0.01,0,0
Mapping_Write_TR_Queue@2@2,Mapping_Write_TR_Queue,2,2,97,0,97,0.0,97,0.01,0,0
Mapping_Write_TR_Queue@7@1,Mapping_Write_TR_Queue,7,1,97,0,97,0.0,97,0.01,0,0
Mapping_Write_TR_Queue@2@1,Mapping_Write_TR_Queue,2,1,97,0,97,0.0,97,0.01,0,0
Mapping_Write_TR_Queue@1@1,Mapping_Write_TR_Queue,1,1,96,0,96,0.0,96,0.01,0,0
Mapping_Write_TR_Queue@0@0,Mapping_Write_TR_Queue,0,0,96,0,96,0.0,96,0.01,0,0
Mapping_Write_TR_Queue@3@3,Mapping_Write_TR_Queue,3,3,96,0,96,0.0,96,0.01,0,0
Mapping_Write_TR_Queue@7@0,Mapping_Write_TR_Queue,7,0,96,0,96,0.0,96,0.01,0,0
Mapping_Write_TR_Queue@3@2,Mapping_Write_TR_Queue,3,2,96,0,96,0.0,96,0.01,0,0
Mapping_Write_TR_Queue@4@3,Mapping_Write_TR_Queue,4,3,96,0,96,0.0,96,0.01,0,0
Mapping_Write_TR_Queue@0@1,Mapping_Write_TR_Queue,0,1,95,0,95,0.0,95,0.01,0,0
Mapping_Write_TR_Queue@3@1,Mapping_Write_TR_Queue,3,1,95,0,95,0.0,95,0.01,0,0
Mapping_Write_TR_Queue@6@2,Mapping_Write_TR_Queue,6,2,95,0,95,0.0,95,0.01,0,0
Mapping_Write_TR_Queue@6@1,Mapping_Write_TR_Queue,6,1,95,0,95,0.0,95,0.01,0,0
Mapping_Write_TR_Queue@5@3,Mapping_Write_TR_Queue,5,3,95,0,95,0.0,95,0.01,0,0
Mapping_Write_TR_Queue@1@2,Mapping_Write_TR_Queue,1,2,95,0,95,0.0,95,0.01,0,0
Mapping_Write_TR_Queue@1@3,Mapping_Write_TR_Queue,1,3,95,0,95,0.0,95,0.01,0,0
Mapping_Write_TR_Queue@4@2,Mapping_Write_TR_Queue,4,2,95,0,95,0.0,95,0.01,0,0
Mapping_Write_TR_Queue@4@0,Mapping_Write_TR_Queue,4,0,95,0,95,0.0,95,0.01,0,0
Mapping_Write_TR_Queue@0@3,Mapping_Write_TR_Queue,0,3,94,0,94,0.0,94,0.01,0,0
Mapping_Write_TR_Queue@1@0,Mapping_Write_TR_Queue,1,0,94,0,94,0.0,94,0.01,0,0
Mapping_Write_TR_Queue@5@2,Mapping_Write_TR_Queue,5,2,94,0,94,0.0,94,0.01,0,0
Mapping_Write_TR_Queue@5@1,Mapping_Write_TR_Queue,5,1,94,0,94,0.0,94,0.01,0,0
Mapping_Write_TR_Queue@3@0,Mapping_Write_TR_Queue,3,0,94,0,94,0.0,94,0.01,0,0
Mapping_Write_TR_Queue@6@3,Mapping_Write_TR_Queue,6,3,93,0,93,0.0,93,0.01,0,0
Mapping_Write_TR_Queue@0@2,Mapping_Write_TR_Queue,0,2,92,0,92,0.0,92,0.01,0,0
