run,L,Beamwidth,QPS,MeanLatency_us,P999Latency_us,MeanIOs,MeanIO_us,CPU_s,CacheHits,MeanHops,CacheHitRate,Recall10
run_1,20,16,378.51,2608.28,11697.0,76.27,2227.59,252.44,0.0,6.83,0.0,97.97
run_1,40,16,539.52,1821.24,2741.0,90.74,1405.62,254.72,0.0,7.57,0.0,99.08
run_1,60,16,158.46,6271.51,19301.0,107.76,5701.67,409.06,0.0,8.5,0.0,99.49
run_1,80,16,265.88,3723.34,16279.0,126.14,3101.12,421.8,0.0,9.48,0.0,99.7
run_1,100,16,291.94,3385.08,14321.0,144.83,2660.95,498.39,0.0,10.76,0.0,99.79
run_1,120,16,156.04,6353.64,21214.0,163.82,5499.86,605.78,0.0,11.9,0.0,99.83
run_10,20,16,642.08,1525.1,2444.0,76.27,1159.83,234.38,0.0,6.83,0.0,97.97
run_10,40,16,216.48,4582.63,14597.0,90.74,4109.23,332.39,0.0,7.57,0.0,99.08
run_10,60,16,177.72,5587.89,19375.0,107.76,5023.03,402.86,0.0,8.5,0.0,99.49
run_10,80,16,339.63,2905.22,12890.0,126.14,2273.25,437.04,0.0,9.48,0.0,99.7
run_10,100,16,155.1,6405.87,19073.0,144.83,5648.24,542.9,0.0,10.76,0.0,99.79
run_10,120,16,133.79,7419.45,22916.0,163.82,6571.23,597.91,0.0,11.9,0.0,99.83
run_2,20,16,612.82,1598.3,2552.0,76.27,1222.45,246.43,0.0,6.83,0.0,97.97
run_2,40,16,224.11,4425.48,18151.0,90.74,3951.08,334.67,0.0,7.57,0.0,99.08
run_2,60,16,256.96,3854.83,13204.0,107.76,3323.61,356.89,0.0,8.5,0.0,99.49
run_2,80,16,364.01,2707.94,11871.0,126.14,2063.68,456.19,0.0,9.48,0.0,99.7
run_2,100,16,276.27,3579.0,15428.0,144.83,2836.21,526.15,0.0,10.76,0.0,99.79
run_2,120,16,127.1,7812.31,24133.0,163.82,6952.0,613.69,0.0,11.9,0.0,99.83
run_3,20,16,595.91,1645.44,7678.0,76.27,1252.81,260.09,0.0,6.83,0.0,97.97
run_3,40,16,503.47,1954.19,8734.0,90.74,1530.48,262.77,0.0,7.57,0.0,99.08
run_3,60,16,236.58,4189.39,14926.0,107.76,3640.51,380.14,0.0,8.5,0.0,99.49
run_3,80,16,387.94,2539.19,3601.0,126.14,1906.07,440.09,0.0,9.48,0.0,99.7
run_3,100,16,112.98,8807.3,20428.0,144.83,8021.81,572.27,0.0,10.76,0.0,99.79
run_3,120,16,155.37,6383.14,18538.0,163.82,5562.05,558.63,0.0,11.9,0.0,99.83
run_4,20,16,556.13,1765.37,8403.0,76.27,1391.91,243.78,0.0,6.83,0.0,97.97
run_4,40,16,525.29,1868.19,2787.0,90.74,1415.98,306.42,0.0,7.57,0.0,99.08
run_4,60,16,239.4,4138.5,13601.0,107.76,3577.09,400.92,0.0,8.5,0.0,99.49
run_4,80,16,213.61,4642.16,16058.0,126.14,3995.96,455.01,0.0,9.48,0.0,99.7
run_4,100,16,184.7,5374.13,16561.0,144.83,4638.5,512.58,0.0,10.76,0.0,99.79
run_4,120,16,191.16,5181.26,18384.0,163.82,4398.75,501.62,0.0,11.9,0.0,99.83
run_5,20,16,381.19,2591.35,11146.0,76.27,2225.62,234.19,0.0,6.83,0.0,97.97
run_5,40,16,529.5,1853.35,2833.0,90.74,1406.52,297.74,0.0,7.57,0.0,99.08
run_5,60,16,258.83,3825.71,12631.0,107.76,3268.08,394.87,0.0,8.5,0.0,99.49
run_5,80,16,214.03,4632.63,18016.0,126.14,3983.44,460.7,0.0,9.48,0.0,99.7
run_5,100,16,201.01,4933.9,15541.0,144.83,4182.48,537.44,0.0,10.76,0.0,99.79
run_5,120,16,149.64,6628.81,18371.0,163.82,5789.86,585.74,0.0,11.9,0.0,99.83
run_6,20,16,468.76,2099.77,8977.0,76.27,1716.12,259.14,0.0,6.83,0.0,97.97
run_6,40,16,260.16,3807.44,14346.0,90.74,3349.92,311.09,0.0,7.57,0.0,99.08
run_6,60,16,226.39,4378.6,14616.0,107.76,3814.67,401.41,0.0,8.5,0.0,99.49
run_6,80,16,270.83,3654.92,14583.0,126.14,3035.65,418.1,0.0,9.48,0.0,99.7
run_6,100,16,173.76,5714.39,19115.0,144.83,4951.98,538.77,0.0,10.76,0.0,99.79
run_6,120,16,280.9,3508.71,15016.0,163.82,2705.68,539.84,0.0,11.9,0.0,99.83
run_7,20,16,202.69,4899.04,15764.0,76.27,4505.19,268.55,0.0,6.83,0.0,97.97
run_7,40,16,232.58,4264.2,12401.0,90.74,3809.9,306.59,0.0,7.57,0.0,99.08
run_7,60,16,447.53,2197.31,3254.0,107.76,1654.41,376.46,0.0,8.5,0.0,99.49
run_7,80,16,171.18,5801.89,21732.0,126.14,5146.84,467.3,0.0,9.48,0.0,99.7
run_7,100,16,190.32,5216.17,17826.0,144.83,4511.52,466.0,0.0,10.76,0.0,99.79
run_7,120,16,153.06,6479.73,20811.0,163.82,5642.81,582.07,0.0,11.9,0.0,99.83
run_8,20,16,608.16,1610.77,2525.0,76.27,1228.7,254.64,0.0,6.83,0.0,97.97
run_8,40,16,326.17,3031.75,12566.0,90.74,2588.94,291.95,0.0,7.57,0.0,99.08
run_8,60,16,236.38,4194.33,14500.0,107.76,3666.05,349.93,0.0,8.5,0.0,99.49
run_8,80,16,194.08,5112.53,18432.0,126.14,4460.89,463.73,0.0,9.48,0.0,99.7
run_8,100,16,300.36,3290.09,14774.0,144.83,2571.13,492.5,0.0,10.76,0.0,99.79
run_8,120,16,118.34,8394.69,22187.0,163.82,7536.53,606.7,0.0,11.9,0.0,99.83
run_9,20,16,403.01,2448.5,10697.0,76.27,2079.91,238.02,0.0,6.83,0.0,97.97
run_9,40,16,527.95,1859.02,2960.0,90.74,1405.72,307.22,0.0,7.57,0.0,99.08
run_9,60,16,200.17,4957.72,15150.0,107.76,4403.78,385.75,0.0,8.5,0.0,99.49
run_9,80,16,271.97,3637.94,15396.0,126.14,3010.43,429.96,0.0,9.48,0.0,99.7
run_9,100,16,135.04,7364.04,22299.0,144.83,6610.97,533.09,0.0,10.76,0.0,99.79
run_9,120,16,184.13,5377.39,20249.0,163.82,4546.67,575.66,0.0,11.9,0.0,99.83
